asn,degree,degree_centrality,betweenness_centrality,closeness_centrality,eigenvector_centrality,pagerank,local_clustering,avg_neighbor_degree,node_clique_number,eccentricity,core_number,n_providers,n_customers,n_peers,provider_ratio,is_tier1,avg_ixp_cosine_dist,ixp_vector_norm,n_ixp_memberships
174,100,0.3194888178913738,0.05799720647038337,0.5305084745762711,0.23715275562678004,0.03306219013771138,0.09171717171717171,14.68,11,4,12,0,87,12,0.0,True,0.252742,161.021738,0
714,8,0.025559105431309903,4.275377535956178e-05,0.45494186046511625,0.061462698497331686,0.002701056560827615,0.8571428571428571,89.5,7,4,8,4,0,4,0.5,False,0.17278,29.410882,80
766,8,0.025559105431309903,0.0035274513470887753,0.4241192411924119,0.0396685576510034,0.0033809219463918523,0.32142857142857145,57.125,4,4,5,2,3,3,0.25,False,0.342102,27.221315,4
1267,6,0.019169329073482427,0.0022488938830032895,0.4091503267973856,0.03979808880330454,0.0024434189995691173,0.6,71.5,5,4,5,3,1,2,0.5,False,0.302624,23.937418,9
1299,80,0.25559105431309903,0.021306958951209282,0.5190713101160862,0.23347571310855084,0.0241516061998087,0.1579113924050633,19.5125,11,4,12,0,70,10,0.0,True,0.163024,204.926816,0
2134,12,0.038338658146964855,0.010429616225525165,0.42585034013605444,0.02753865440529487,0.005019327878502016,0.16666666666666666,25.583333333333332,4,3,6,12,0,0,1.0,False,0.403568,16.792856,6
2856,2,0.006389776357827476,1.6445904187321633e-05,0.3524774774774775,0.006226636809145295,0.0010990228041990848,0.0,29.0,2,4,2,0,1,1,0.0,False,0.366367,8.660254,2
3257,52,0.16613418530351437,0.013049395815583101,0.48982785602503914,0.17998988538319682,0.01567696201666934,0.25188536953242835,25.78846153846154,11,4,12,0,41,10,0.0,True,0.138737,154.418263,2
3303,46,0.14696485623003194,0.011791486658144867,0.48302469135802467,0.14817428783519732,0.014383391576689119,0.2106280193236715,25.152173913043477,10,4,12,4,0,41,0.087,False,0.144056,91.782351,63
3320,22,0.07028753993610223,0.001566315542297159,0.43291839557399725,0.09874705785645657,0.006668218646359051,0.49783549783549785,36.77272727272727,9,4,12,0,10,12,0.0,True,0.103543,89.0,7
3352,69,0.2204472843450479,0.3043508492843493,0.5619389587073609,0.020201163564943943,0.04874237639685163,0.00042625745950554135,5.405797101449275,3,2,4,1,68,0,0.0145,False,0.391199,6.082763,3
3356,110,0.3514376996805112,0.06260333499040927,0.5539823008849557,0.2706838004288107,0.03592743880600902,0.10225187656380318,15.6,11,4,12,0,99,11,0.0,True,0.220961,219.415132,3
3816,3,0.009584664536741214,0.0001954995168463928,0.43472222222222223,0.015098961334305532,0.0014423650478900135,0.3333333333333333,80.66666666666667,3,4,3,1,1,1,0.3333,False,0.620089,5.196152,0
5089,4,0.012779552715654952,2.2162342449882384e-05,0.43899018232819076,0.026893163303581016,0.0017237827548723806,0.6666666666666666,89.0,4,4,4,2,1,1,0.5,False,0.54065,6.480741,2
5511,32,0.10223642172523961,0.004653185610906785,0.48302469135802467,0.13539714148848428,0.009880186486645844,0.40725806451612906,37.6875,11,4,12,0,19,13,0.0,True,0.145298,110.267856,2
6147,7,0.022364217252396165,0.0004213308672252865,0.4465049928673324,0.03497785247298041,0.0027283971242251124,0.5238095238095238,62.0,5,4,6,4,3,0,0.5714,False,0.298753,20.297783,1
6400,5,0.01597444089456869,0.00013998335742368816,0.443342776203966,0.03527514223666498,0.0021188134645287156,0.7,88.6,5,4,4,4,0,0,0.8,False,0.480311,3.0,0
6453,48,0.15335463258785942,0.005812838640212961,0.48982785602503914,0.1796649008636946,0.014117441620839942,0.31117021276595747,29.125,11,4,12,0,37,10,0.0,True,0.118054,147.587262,0
6507,7,0.022364217252396165,0.0002844394778836636,0.4503597122302158,0.04433675912503938,0.0024712495062946633,0.6666666666666666,74.57142857142857,5,4,7,4,0,3,0.5714,False,0.310527,13.228757,86
6568,4,0.012779552715654952,0.0,0.44523470839260315,0.0379685719632097,0.0016647225810905149,1.0,128.5,5,4,4,3,0,1,0.75,False,0.254075,20.124612,3
6713,4,0.012779552715654952,0.0,0.442090395480226,0.03143629094389061,0.0016448345841621533,1.0,101.5,5,4,4,4,0,0,1.0,False,0.555305,6.082763,0
6730,15,0.04792332268370607,0.005588813150438254,0.4118421052631579,0.05217930109667354,0.005054495821329505,0.3142857142857143,27.466666666666665,6,4,10,1,2,12,0.0667,False,0.192538,103.687029,5
6739,5,0.01597444089456869,0.001212165404841738,0.2941729323308271,0.0004480833237174238,0.003993666333893842,0.0,2.6,2,4,2,0,5,0,0.0,False,,0.0,0
6752,6,0.019169329073482427,1.407276379707139e-06,0.4490674318507891,0.046070172765695326,0.0021826309675255515,0.9333333333333333,93.66666666666667,6,4,6,5,0,1,0.8333,False,0.21236,35.24202,3
6762,61,0.194888178913738,0.013248579915379257,0.49447077409162715,0.1824297639077108,0.01970883464177467,0.17868852459016393,21.83606557377049,11,4,12,0,51,10,0.0,True,0.192621,134.417261,12
6805,2,0.006389776357827476,0.0,0.442090395480226,0.02191211001585042,0.001112470160164332,1.0,171.5,3,4,2,1,0,1,0.5,False,0.3085,18.814888,6
6813,1,0.003194888178913738,0.0,0.36018411967779057,0.0007158892214297931,0.0010781564811629815,0.0,69.0,2,3,1,1,0,0,1.0,False,0.335589,1.732051,0
6830,29,0.0926517571884984,0.001621252860307549,0.47067669172932336,0.13158236839515625,0.008535113088528013,0.4802955665024631,39.55172413793103,11,4,12,0,10,19,0.0,True,0.108892,132.064378,18
6939,130,0.4153354632587859,0.10596141750814562,0.5785582255083179,0.2862139917008169,0.04370109789096934,0.07286821705426356,13.053846153846154,11,4,12,3,15,107,0.0231,False,0.223681,214.394496,327
7004,4,0.012779552715654952,0.00023806649077307669,0.44523470839260315,0.02488298846414392,0.0017551770609094816,0.5,91.75,4,4,4,1,1,2,0.25,False,0.307981,19.052559,1
7438,3,0.009584664536741214,0.00033920299784234324,0.43472222222222223,0.015352653693869924,0.0014638456283152849,0.6666666666666666,79.33333333333333,3,4,3,2,1,0,0.6667,False,0.487333,6.244998,1
7726,3,0.009584664536741214,0.00012386230655010447,0.43776223776223777,0.023646121621283208,0.00141643508407111,0.6666666666666666,112.66666666666667,3,4,3,3,0,0,1.0,False,0.350225,9.165151,0
7782,2,0.006389776357827476,4.083592187614309e-05,0.38978829389788294,0.011276162517490291,0.0010917540962526455,0.0,73.5,2,4,2,1,1,0,0.5,False,0.4867,18.165902,3
7979,7,0.022364217252396165,3.498466136807586e-05,0.45760233918128657,0.05816426044194532,0.0024865733515153673,0.8571428571428571,104.0,6,4,7,5,0,2,0.7143,False,0.19841,38.392708,10
8069,5,0.01597444089456869,2.560006553616777e-06,0.44460227272727276,0.03698993962083398,0.00190493283120296,0.9,90.0,5,4,5,5,0,0,1.0,False,0.211219,14.899664,0
8075,9,0.02875399361022364,0.00045873982824561966,0.45894428152492667,0.061408811968314145,0.0030765687634410205,0.6388888888888888,82.44444444444444,6,4,8,4,1,4,0.4444,False,0.201933,24.919872,201
8220,60,0.19169329073482427,0.03388829247159843,0.46370370370370373,0.15253050378394542,0.020358419734010345,0.1192090395480226,16.216666666666665,8,4,12,3,19,38,0.05,False,0.186006,183.142021,49
8301,5,0.01597444089456869,0.0,0.4465049928673324,0.046155542754014324,0.0019029601279479773,1.0,117.0,6,4,5,4,0,1,0.8,False,0.261641,19.313208,4
8414,2,0.006389776357827476,0.0,0.3089832181638697,0.0021384895486461367,0.001232222860954029,1.0,10.0,3,4,2,2,0,0,1.0,False,0.619678,2.236068,0
8529,18,0.05750798722044728,0.0004051187826563786,0.43472222222222223,0.09491551053815399,0.005348939497004123,0.6274509803921569,47.611111111111114,9,4,12,8,8,2,0.4444,False,0.093491,79.724526,18
8544,4,0.012779552715654952,1.407276379707139e-06,0.4471428571428571,0.03858917135412937,0.0016501095908158902,0.8333333333333334,130.75,4,4,4,3,0,1,0.75,False,0.295967,18.814888,4
8659,5,0.01597444089456869,0.0030836689345746103,0.3868974042027194,0.008167670528164082,0.002753496277832407,0.2,32.8,3,3,3,4,1,0,0.8,False,0.473534,8.544004,0
8757,4,0.012779552715654952,1.4628608877810155e-06,0.44397163120567373,0.033202327319878544,0.0016468867689183354,0.8333333333333334,110.25,4,4,4,2,1,1,0.5,False,0.201083,21.587033,8
8781,14,0.04472843450479233,0.00022582399320825172,0.4317241379310344,0.08182484498001148,0.00429199321877923,0.7362637362637363,55.642857142857146,9,4,12,7,5,2,0.5,False,0.120674,54.037024,8
8903,6,0.019169329073482427,0.007547071074455594,0.3937106918238994,0.02014712254329517,0.003323676645050317,0.2,35.0,4,4,3,1,3,2,0.1667,False,0.585453,18.867962,2
10429,7,0.022364217252396165,0.00031187052430495005,0.44084507042253523,0.026078406833993872,0.0026007302919283655,0.3333333333333333,44.0,4,4,6,1,5,0,0.1429,False,0.228507,24.0,0
10834,3,0.009584664536741214,1.3448090371167293e-05,0.4305364511691884,0.015356532215436543,0.0015494659262874754,0.6666666666666666,78.0,3,4,3,1,2,0,0.3333,False,0.499871,7.416198,0
11179,10,0.03194888178913738,0.0003045200272747163,0.45961820851688695,0.056901730155813325,0.0033747562106681297,0.6,65.2,6,4,8,10,0,0,1.0,False,0.139919,29.240383,2
11367,1,0.003194888178913738,0.0,0.4275956284153005,0.011769991216029778,0.0008267322119294566,0.0,213.0,2,4,1,1,0,0,1.0,False,0.621168,3.0,1
11816,2,0.006389776357827476,0.0,0.43899018232819076,0.020173640273421035,0.0011077608267728858,1.0,156.5,3,4,2,2,0,0,1.0,False,0.602537,3.0,0
11921,4,0.012779552715654952,4.096010485786843e-06,0.443342776203966,0.024711053758559125,0.0017626146854363546,0.8333333333333334,89.0,4,4,4,3,0,1,0.75,False,0.16252,19.79899,2
12189,7,0.022364217252396165,2.521632173634442e-06,0.45165945165945165,0.05979845817176884,0.002443507131264814,0.9047619047619048,103.85714285714286,6,4,7,5,0,2,0.7143,False,0.214521,23.748684,10
12252,7,0.022364217252396165,4.690020664461559e-06,0.4484240687679083,0.04878690386889364,0.0024188635334197956,0.9047619047619048,78.0,7,4,7,5,2,0,0.7143,False,0.180414,22.383029,0
12357,18,0.05750798722044728,0.003838387450712992,0.3315677966101695,0.0034406873170139737,0.012214860415000068,0.0,3.0555555555555554,2,4,3,1,17,0,0.0556,False,0.855467,7.483315,0
12462,2,0.006389776357827476,4.77867890008465e-05,0.3018322082931533,0.0007402651575322204,0.0017168912256848102,0.0,4.0,2,4,2,1,1,0,0.5,False,0.554275,1.414214,0
12479,17,0.054313099041533544,0.020601257562526763,0.4241192411924119,0.032466522938677064,0.009270320369097721,0.08088235294117647,21.764705882352942,5,3,4,2,13,2,0.1176,False,0.536824,22.472205,4
12684,9,0.02875399361022364,0.00047259024630883937,0.45827232796486095,0.05639840388659628,0.003252905760844097,0.5833333333333334,74.11111111111111,5,4,8,5,1,3,0.5556,False,0.194689,29.765752,15
12956,213,0.6805111821086262,0.5851167647624841,0.7452380952380953,0.33215599665814877,0.08746161031462499,0.029984941093099477,8.539906103286384,11,3,12,0,200,10,0.0,True,0.353462,221.734075,9
13041,5,0.01597444089456869,0.0015464146254881084,0.4023136246786632,0.018151626613374917,0.002514482731116455,0.5,43.4,4,4,4,2,1,2,0.4,False,0.256716,22.715633,1
13150,10,0.03194888178913738,0.0003548155143122319,0.45760233918128657,0.06691119679873465,0.003295768412448424,0.7111111111111111,76.5,7,4,10,7,0,3,0.7,False,0.109683,34.496377,73
13335,35,0.11182108626198083,0.009111642070358259,0.48006134969325154,0.12919320433315357,0.011135423093608172,0.292436974789916,33.08571428571429,10,4,12,19,7,9,0.5429,False,0.191624,49.152823,348
13489,5,0.01597444089456869,1.905376306334773e-05,0.4458689458689459,0.03453023959025047,0.0019493361256334963,0.8,87.4,5,4,5,3,0,2,0.6,False,0.251826,16.062378,3
14178,6,0.019169329073482427,0.0001463740510084299,0.4167776298268975,0.04040372523391602,0.0022120470334364875,0.6,75.0,4,4,6,3,2,1,0.5,False,0.264861,21.587033,0
14259,7,0.022364217252396165,6.48954389094032e-05,0.4510086455331412,0.05183223757316111,0.002589158021873695,0.7619047619047619,93.28571428571429,6,4,6,4,0,3,0.5714,False,0.198205,36.027767,2
14522,6,0.019169329073482427,0.0001289766331832998,0.4471428571428571,0.043221840493665925,0.002326341467151153,0.7333333333333333,90.16666666666667,6,4,5,4,1,1,0.6667,False,0.343013,19.54482,2
14593,12,0.038338658146964855,0.000810833718214962,0.45827232796486095,0.07332869842695208,0.0038815135224560616,0.6818181818181818,66.75,8,4,11,10,0,2,0.8333,False,0.115243,33.060551,67
14907,8,0.025559105431309903,4.275377535956178e-05,0.45494186046511625,0.06146269849733167,0.002701056560827615,0.8571428571428571,89.5,7,4,8,5,0,3,0.625,False,0.17278,29.410882,13
14979,4,0.012779552715654952,0.0,0.44460227272727276,0.03362746869967899,0.0016528815236854198,1.0,112.5,5,4,4,3,0,1,0.75,False,0.201485,24.63737,2
15107,2,0.006389776357827476,0.00012386230655010447,0.4317241379310344,0.014054265368260202,0.001138813965399171,0.0,114.0,2,4,2,2,0,0,1.0,False,0.393743,8.888194,0
15608,2,0.006389776357827476,8.278493514824412e-05,0.38310893512851896,0.006120917544155594,0.0013665674191113307,0.0,64.5,2,3,2,2,0,0,1.0,False,0.503122,7.615773,0
15633,2,0.006389776357827476,0.0008716069371961124,0.3626882966396292,0.0013591429506040072,0.0015056185554772228,0.0,37.0,2,3,2,2,0,0,1.0,False,0.520645,2.44949,0
15695,10,0.03194888178913738,5.998438320248149e-05,0.45961820851688695,0.0774583644638201,0.0032471944499620205,0.8666666666666667,88.3,9,4,10,10,0,0,1.0,False,0.180565,25.806976,33
15810,2,0.006389776357827476,0.00012386230655010447,0.4317241379310344,0.014054265368260202,0.001138813965399171,0.0,114.0,2,4,2,2,0,0,1.0,False,0.393743,8.888194,0
15830,17,0.054313099041533544,0.008065754028810272,0.4657738095238096,0.07453219463192629,0.006023278904574043,0.34558823529411764,48.0,8,4,9,6,7,4,0.3529,False,0.205565,41.376322,72
15964,3,0.009584664536741214,0.0,0.44022503516174405,0.02295820219851954,0.0013930467133300177,1.0,109.33333333333333,4,4,3,3,0,0,1.0,False,0.476059,6.0,2
15994,5,0.01597444089456869,1.407276379707139e-06,0.44971264367816094,0.046285779530517886,0.0019273779269832775,0.9,121.0,5,4,5,5,0,0,1.0,False,0.269619,19.313208,1
16153,1,0.003194888178913738,0.0,0.27846975088967973,0.00025832879348867125,0.0011094532078248262,0.0,5.0,2,4,1,1,0,0,1.0,False,0.651257,1.0,0
16338,2,0.006389776357827476,2.0480052428934218e-05,0.2677502138579983,4.12972682667647e-05,0.001970827471789901,0.0,3.5,2,4,2,1,1,0,0.5,False,,0.0,0
16371,4,0.012779552715654952,0.0009524040156299447,0.3997445721583653,0.017738348108772048,0.001882343840888315,0.3333333333333333,55.75,3,3,4,1,0,2,0.25,False,0.409455,13.674794,3
16373,1,0.003194888178913738,0.0,0.36018411967779057,0.0007158892214297931,0.0010781564811629815,0.0,69.0,2,3,1,1,0,0,1.0,False,0.335589,1.732051,0
16383,4,0.012779552715654952,0.00046468422653154573,0.4845201238390093,0.01904145115038604,0.002179108585987713,0.3333333333333333,89.75,3,3,4,4,0,0,1.0,False,0.394343,9.643651,0
16509,13,0.04153354632587859,0.0004600280787954153,0.4623338257016248,0.08760473258086844,0.004053694053481162,0.7692307692307693,73.23076923076923,10,4,12,7,0,6,0.5385,False,0.177161,28.142495,155
17072,13,0.04153354632587859,0.000140353421973709,0.4616519174041298,0.08157469650992343,0.004122724222506839,0.7435897435897436,68.0,8,4,11,9,1,3,0.6923,False,0.113722,46.270941,10
18666,2,0.006389776357827476,0.0,0.43654114365411434,0.021361847469052783,0.0011043533306013958,1.0,161.5,3,4,2,2,0,0,1.0,False,0.593607,3.464102,0
18678,12,0.038338658146964855,0.000542771479345531,0.45428156748911463,0.06193814756730834,0.004056334516668547,0.5151515151515151,54.916666666666664,6,4,10,3,4,5,0.25,False,0.186685,54.954527,9
18734,11,0.03514376996805112,1.988069740903871e-05,0.45362318840579713,0.07467546957921846,0.003518893467257938,0.8363636363636363,74.36363636363636,8,4,11,7,3,1,0.6364,False,0.113094,38.22303,3
18809,3,0.009584664536741214,0.0,0.43899018232819076,0.02594005198111992,0.0013747850346805851,1.0,119.33333333333333,4,4,3,2,1,0,0.6667,False,0.283191,19.54482,1
19114,2,0.006389776357827476,0.0,0.42818057455540354,0.015532708135836843,0.0011313184985261003,1.0,122.5,3,4,2,1,1,0,0.5,False,0.527013,5.385165,2
19422,1,0.003194888178913738,0.0,0.4275956284153005,0.011769991216029778,0.0008267322119294566,0.0,213.0,2,4,1,1,0,0,1.0,False,0.621168,3.0,0
19551,14,0.04472843450479233,0.00016604413173634298,0.4630177514792899,0.09013735033291431,0.00433419674260032,0.7582417582417582,68.64285714285714,9,4,12,9,1,4,0.6429,False,0.128805,33.941125,77
19855,4,0.012779552715654952,1.407276379707139e-06,0.4484240687679083,0.03990761532626469,0.0016711198936797005,0.8333333333333334,138.25,4,4,4,4,0,0,1.0,False,0.294095,19.052559,0
20355,2,0.006389776357827476,6.566652782573911e-06,0.35568181818181815,0.0075122079219228435,0.0010622741813213468,0.0,34.5,2,4,2,1,1,0,0.5,False,0.72856,2.236068,0
20784,2,0.006389776357827476,0.00056020183815711,0.3626882966396292,0.0014298576130913235,0.0015490106558309284,0.0,37.5,2,3,2,2,0,0,1.0,False,0.654435,3.0,0
20905,2,0.006389776357827476,7.780169367783017e-05,0.363109048723898,0.001866431611630461,0.0015416724424793344,0.0,43.0,2,3,2,2,0,0,1.0,False,0.553123,3.605551,0
20940,19,0.06070287539936102,0.0011824713120087164,0.46786248131539604,0.10344911008541888,0.005845817975455315,0.6023391812865497,55.31578947368421,11,4,12,13,0,6,0.6842,False,0.123324,41.073106,232
21193,1,0.003194888178913738,0.0,0.27846975088967973,0.00025832879348867125,0.0011094532078248262,0.0,5.0,2,4,1,1,0,0,1.0,False,0.651257,1.0,0
21351,5,0.01597444089456869,1.114355793927303e-06,0.4458689458689459,0.041900880980566685,0.0019094923394935488,0.9,106.0,5,4,5,3,0,1,0.6,False,0.198815,24.63737,11
21508,2,0.006389776357827476,1.5160688671306975e-05,0.34855233853006684,0.005554088331720131,0.0011036744470114298,0.0,23.5,2,4,2,0,2,0,0.0,False,0.460698,19.078784,0
21559,7,0.022364217252396165,2.521632173634442e-06,0.4510086455331412,0.056682694242211146,0.0024467789876405546,0.9047619047619048,97.42857142857143,6,4,7,6,0,1,0.8571,False,0.191633,25.0,5
21575,4,0.012779552715654952,0.0,0.44523470839260315,0.0379685719632097,0.0016647225810905149,1.0,128.5,5,4,4,3,0,1,0.75,False,0.254075,20.124612,2
21859,27,0.08626198083067092,0.000866215531267369,0.472809667673716,0.12665067405805397,0.007865245172363505,0.5185185185185185,41.666666666666664,10,4,12,12,10,5,0.4444,False,0.077025,89.481842,84
22364,2,0.006389776357827476,0.0,0.43899018232819076,0.020173640273421035,0.0011077608267728858,1.0,156.5,3,4,2,2,0,0,1.0,False,0.602537,3.0,0
22548,2,0.006389776357827476,0.0,0.442090395480226,0.02191211001585042,0.001112470160164332,1.0,171.5,3,4,2,2,0,0,1.0,False,0.3085,18.814888,2
22604,5,0.01597444089456869,3.357738498836872e-05,0.4529667149059335,0.043443937130057536,0.001930403699201303,0.8,112.6,5,4,5,5,0,0,1.0,False,0.346443,8.42615,4
22697,8,0.025559105431309903,4.440452410787819e-05,0.45760233918128657,0.0664173391993386,0.002740769310200562,0.8571428571428571,100.25,7,4,8,6,0,2,0.75,False,0.193182,23.874673,27
22860,3,0.009584664536741214,0.0,0.44271570014144274,0.02837671571018669,0.0013871014624185756,1.0,134.66666666666666,4,4,3,2,0,1,0.6667,False,0.26195,19.899749,1
22869,1,0.003194888178913738,0.0,0.4275956284153005,0.011769991216029778,0.0008267322119294566,0.0,213.0,2,4,1,1,0,0,1.0,False,0.621168,3.0,1
22874,2,0.006389776357827476,0.0,0.442090395480226,0.02191211001585042,0.001112470160164332,1.0,171.5,3,4,2,1,0,1,0.5,False,0.3085,18.814888,1
22927,3,0.009584664536741214,1.0240026214467109e-05,0.42876712328767125,0.016076913953803364,0.0015703338430223897,0.6666666666666666,82.66666666666667,3,4,3,2,1,0,0.6667,False,0.542787,5.385165,0
23344,7,0.022364217252396165,4.22262134023274e-05,0.45760233918128657,0.05996422013413138,0.002472399680739755,0.8095238095238095,106.42857142857143,6,4,7,5,0,2,0.7143,False,0.206198,23.065125,27
23379,6,0.019169329073482427,0.00023677587481322218,0.44971264367816094,0.04431268501381473,0.0024125036656625003,0.6,95.16666666666667,4,4,5,2,1,2,0.3333,False,0.29565,23.473389,1
23764,12,0.038338658146964855,0.00011624755192722632,0.4609720176730487,0.0820037277815866,0.0038077031319258825,0.803030303030303,75.41666666666667,8,4,11,6,3,3,0.5,False,0.109898,37.48333,39
24920,2,0.006389776357827476,7.780169367783017e-05,0.363109048723898,0.001866431611630461,0.0015416724424793344,0.0,43.0,2,3,2,2,0,0,1.0,False,0.553123,3.605551,0
25247,2,0.006389776357827476,9.963501291732646e-05,0.36143187066974597,0.0008378130788352665,0.0016549692241641706,0.0,43.5,2,3,2,2,0,0,1.0,False,0.629219,1.732051,0
25356,2,0.006389776357827476,8.278493514824412e-05,0.38310893512851896,0.006120917544155594,0.0013665674191113307,0.0,64.5,2,3,2,2,0,0,1.0,False,0.503122,7.615773,0
25508,1,0.003194888178913738,0.0,0.36018411967779057,0.0007158892214297931,0.0010781564811629815,0.0,69.0,2,3,1,1,0,0,1.0,False,0.335589,1.732051,0
25544,1,0.003194888178913738,0.0,0.36018411967779057,0.0007158892214297931,0.0010781564811629815,0.0,69.0,2,3,1,1,0,0,1.0,False,0.335589,1.732051,0
25620,1,0.003194888178913738,0.0,0.4275956284153005,0.011769991216029778,0.0008267322119294566,0.0,213.0,2,4,1,1,0,0,1.0,False,0.621168,3.0,2
26210,1,0.003194888178913738,0.0,0.4275956284153005,0.011769991216029778,0.0008267322119294566,0.0,213.0,2,4,1,1,0,0,1.0,False,0.621168,3.0,1
27781,4,0.012779552715654952,0.0,0.44460227272727276,0.030828836928446464,0.0016397736565924004,1.0,102.0,5,4,4,1,0,3,0.25,False,0.158247,34.799425,2
27796,3,0.009584664536741214,0.0,0.4396067415730337,0.023936357193228102,0.0014123471133695293,1.0,115.0,4,4,3,3,0,0,1.0,False,0.527451,5.385165,1
27843,3,0.009584664536741214,0.0,0.4371508379888268,0.027826453163389053,0.0013789846328556394,1.0,128.0,4,4,3,3,0,0,1.0,False,0.534886,5.656854,0
27882,3,0.009584664536741214,6.826684142978072e-06,0.42876712328767125,0.01498936636003495,0.0014990715660717071,0.6666666666666666,76.33333333333333,3,4,3,3,0,0,1.0,False,0.604728,6.0,1
27924,3,0.009584664536741214,0.0,0.44271570014144274,0.02837671571018669,0.0013871014624185756,1.0,134.66666666666666,4,4,3,2,0,1,0.6667,False,0.26195,19.899749,3
27986,3,0.009584664536741214,0.0,0.4371508379888268,0.027826453163389053,0.0013789846328556394,1.0,128.0,4,4,3,3,0,0,1.0,False,0.534886,5.656854,0
28008,4,0.012779552715654952,8.480920061606649e-05,0.443342776203966,0.028907910356952414,0.0018118384053643919,0.6666666666666666,101.75,4,4,3,2,1,1,0.5,False,0.358896,19.924859,4
28024,2,0.006389776357827476,0.0,0.43654114365411434,0.021361847469052783,0.0011043533306013958,1.0,161.5,3,4,2,2,0,0,1.0,False,0.593607,3.464102,1
28126,6,0.019169329073482427,6.412945710070311e-06,0.4471428571428571,0.04206743550884198,0.002219227493849768,0.8666666666666667,87.0,6,4,6,4,1,1,0.6667,False,0.161475,38.613469,11
28173,5,0.01597444089456869,1.4628608877810155e-06,0.4458689458689459,0.04116927476601261,0.0019381412054676908,0.9,106.6,5,4,5,4,0,1,0.8,False,0.202633,22.803509,4
28186,4,0.012779552715654952,1.9611201719827917e-05,0.44523470839260315,0.03232108990344579,0.0018145416868454126,0.8333333333333334,114.0,4,4,3,3,0,1,0.75,False,0.20843,19.33908,6
28257,1,0.003194888178913738,0.0,0.4275956284153005,0.011769991216029778,0.0008267322119294566,0.0,213.0,2,4,1,1,0,0,1.0,False,0.621168,3.0,0
28458,8,0.025559105431309903,1.407276379707139e-06,0.45165945165945165,0.0655119052513907,0.002706229614812484,0.9642857142857143,96.625,8,4,8,5,1,2,0.625,False,0.164133,25.159491,11
28665,4,0.012779552715654952,1.407276379707139e-06,0.4484240687679083,0.03990761532626469,0.0016711198936797005,0.8333333333333334,138.25,4,4,4,3,0,1,0.75,False,0.294095,19.052559,4
28977,2,0.006389776357827476,0.000962333615089206,0.363109048723898,0.0021262501538695027,0.0014243074945241086,0.0,37.5,2,3,2,2,0,0,1.0,False,0.618386,3.464102,0
29119,11,0.03514376996805112,0.00015349549536337222,0.45494186046511625,0.07468941112256822,0.003625154402580674,0.7636363636363637,75.0909090909091,8,4,10,8,1,2,0.7273,False,0.20802,27.712813,11
29231,2,0.006389776357827476,0.0009693891483028862,0.3726190476190476,0.00843961402579822,0.0014852200620556332,0.0,51.0,2,4,2,1,1,0,0.5,False,,0.0,1
29612,1,0.003194888178913738,0.0,0.36018411967779057,0.0007158892214297931,0.0010781564811629815,0.0,69.0,2,3,1,1,0,0,1.0,False,0.335589,1.732051,0
29661,2,0.006389776357827476,9.963501291732646e-05,0.36143187066974597,0.0008378130788352665,0.0016549692241641706,0.0,43.5,2,3,2,2,0,0,1.0,False,0.629219,1.732051,0
30383,6,0.019169329073482427,0.00013721571447220253,0.44971264367816094,0.04279615862922888,0.002253333328155648,0.8,88.83333333333333,5,4,6,6,0,0,1.0,False,0.138026,28.195744,1
30846,1,0.003194888178913738,0.0,0.36018411967779057,0.0007158892214297931,0.0010781564811629815,0.0,69.0,2,3,1,1,0,0,1.0,False,0.335589,1.732051,0
31418,1,0.003194888178913738,0.0,0.36018411967779057,0.0007158892214297931,0.0010781564811629815,0.0,69.0,2,3,1,1,0,0,1.0,False,0.335589,1.732051,0
31898,12,0.038338658146964855,0.00029437392422666233,0.4609720176730487,0.0805559935729069,0.0038132522206698136,0.696969696969697,74.91666666666667,8,4,10,11,0,1,0.9167,False,0.168197,26.758176,33
32067,3,0.009584664536741214,0.0,0.43776223776223777,0.027728525044176933,0.001354349691111536,1.0,123.66666666666667,4,4,3,3,0,0,1.0,False,0.585634,3.464102,1
32098,13,0.04153354632587859,0.0009368710025627525,0.4630177514792899,0.07355958245972205,0.004306482170416322,0.6025641025641025,62.46153846153846,7,4,11,5,5,3,0.3846,False,0.165218,35.665109,14
32590,11,0.03514376996805112,0.00011204207394844282,0.45760233918128657,0.07690636044495372,0.0034663642135259964,0.8909090909090909,75.27272727272727,10,4,11,9,0,2,0.8182,False,0.120849,32.218007,77
32787,15,0.04792332268370607,0.00656237455342871,0.438375350140056,0.06445936643952377,0.005507324891340389,0.37142857142857144,42.733333333333334,8,4,9,3,7,5,0.2,False,0.23042,35.986108,56
33182,9,0.02875399361022364,9.522919062830521e-05,0.45428156748911463,0.06015582751944999,0.00312229455581908,0.6944444444444444,79.22222222222223,6,4,8,7,0,2,0.7778,False,0.14198,29.647934,5
33185,5,0.01597444089456869,6.15800042156513e-05,0.4075520833333333,0.034331388060022436,0.0018856515602077805,0.6,75.8,4,4,5,4,1,0,0.8,False,0.359384,18.330303,5
33392,2,0.006389776357827476,0.0,0.43112947658402206,0.016568036192163085,0.0010891746670644805,1.0,122.5,3,4,2,2,0,0,1.0,False,0.614393,3.605551,3
33662,2,0.006389776357827476,0.0,0.3775633293124246,0.010567740072675998,0.0011108638616041798,1.0,61.0,3,4,2,1,1,0,0.5,False,0.657939,3.0,0
35228,4,0.012779552715654952,0.00011986837055484459,0.4465049928673324,0.02450622532731926,0.0017377050170491826,0.3333333333333333,82.25,3,4,4,3,0,1,0.75,False,0.401662,9.165151,2
35264,1,0.003194888178913738,0.0,0.36018411967779057,0.0007158892214297931,0.0010781564811629815,0.0,69.0,2,3,1,1,0,0,1.0,False,0.335589,1.732051,0
35454,2,0.006389776357827476,0.005237618256787587,0.36143187066974597,0.0007173527596673421,0.0019157581971952211,0.0,35.5,2,3,2,2,0,0,1.0,False,0.335589,1.732051,0
35753,11,0.03514376996805112,0.0001906847932254814,0.4224021592442645,0.058308452829948766,0.003510494257115008,0.5818181818181818,50.27272727272727,6,4,10,4,6,1,0.3636,False,0.150346,53.376025,6
36925,3,0.009584664536741214,0.0,0.44084507042253523,0.02497168524955434,0.0013702032819079095,1.0,115.0,4,4,3,3,0,0,1.0,False,0.591354,3.605551,0
37468,19,0.06070287539936102,0.0006558483986288975,0.4609720176730487,0.09032020892176199,0.006111710442472635,0.47368421052631576,48.05263157894737,8,4,11,7,10,2,0.3684,False,0.121519,50.378567,33
39551,5,0.01597444089456869,0.012919659292052096,0.3854679802955665,0.007289768097216709,0.00371615368089378,0.1,29.6,3,3,3,2,2,1,0.4,False,0.523108,8.602325,1
39784,2,0.006389776357827476,0.0,0.43654114365411434,0.021361847469052783,0.0011043533306013958,1.0,161.5,3,4,2,2,0,0,1.0,False,0.593607,3.464102,0
40973,1,0.003194888178913738,0.0,0.36018411967779057,0.0007158892214297931,0.0010781564811629815,0.0,69.0,2,3,1,1,0,0,1.0,False,0.335589,1.732051,0
42147,1,0.003194888178913738,0.0,0.36018411967779057,0.0007158892214297931,0.0010781564811629815,0.0,69.0,2,3,1,1,0,0,1.0,False,0.335589,1.732051,0
42211,1,0.003194888178913738,0.0,0.36018411967779057,0.0007158892214297931,0.0010781564811629815,0.0,69.0,2,3,1,1,0,0,1.0,False,0.335589,1.732051,0
42212,2,0.006389776357827476,9.963501291732646e-05,0.36143187066974597,0.0008378130788352665,0.0016549692241641706,0.0,43.5,2,3,2,2,0,0,1.0,False,0.629219,1.732051,0
43919,2,0.006389776357827476,9.963501291732646e-05,0.36143187066974597,0.0008378130788352665,0.0016549692241641706,0.0,43.5,2,3,2,2,0,0,1.0,False,0.629219,1.732051,0
44127,2,0.006389776357827476,0.0005602018381571099,0.3626882966396292,0.0014298576130913235,0.0015490106558309284,0.0,37.5,2,3,2,2,0,0,1.0,False,0.654435,3.0,0
44280,1,0.003194888178913738,0.0,0.36018411967779057,0.0007158892214297931,0.0010781564811629815,0.0,69.0,2,3,1,1,0,0,1.0,False,0.335589,1.732051,0
44585,4,0.012779552715654952,0.0055254142169325155,0.4086161879895561,0.009257340395329536,0.00261492102932139,0.0,48.0,2,3,3,4,0,0,1.0,False,0.715762,1.732051,0
44989,2,0.006389776357827476,0.0019209049024906414,0.36143187066974597,0.0007421205756055521,0.0018078352281251113,0.0,35.5,2,3,2,2,0,0,1.0,False,0.259546,1.732051,0
46887,3,0.009584664536741214,1.707279179503991e-05,0.3854679802955665,0.018841152353563692,0.0013674746774123088,0.6666666666666666,67.33333333333333,3,4,3,2,1,0,0.6667,False,0.677075,3.0,7
47209,1,0.003194888178913738,0.0,0.36018411967779057,0.0007158892214297931,0.0010781564811629815,0.0,69.0,2,3,1,1,0,0,1.0,False,0.335589,1.732051,0
47806,1,0.003194888178913738,0.0,0.4275956284153005,0.011769991216029778,0.0008267322119294566,0.0,213.0,2,4,1,1,0,0,1.0,False,0.621168,3.0,1
48048,2,0.006389776357827476,9.963501291732646e-05,0.36143187066974597,0.0008378130788352665,0.0016549692241641706,0.0,43.5,2,3,2,2,0,0,1.0,False,0.629219,1.732051,0
48202,2,0.006389776357827476,0.0007420342045575182,0.36143187066974597,0.0007317674805328057,0.0017570796714767721,0.0,37.0,2,3,2,2,0,0,1.0,False,0.335589,1.732051,0
48266,5,0.01597444089456869,1.407276379707139e-06,0.4490674318507891,0.04323859319514043,0.0019337102431368667,0.9,113.8,5,4,5,4,0,1,0.8,False,0.24692,22.338308,6
48348,3,0.009584664536741214,0.0,0.4414668547249647,0.026551804477674232,0.0013640188600764628,1.0,121.66666666666667,4,4,3,3,0,0,1.0,False,0.59007,3.872983,1
48728,4,0.012779552715654952,5.980091878293738e-05,0.4049159120310479,0.022278408853577448,0.0016477232523952725,0.3333333333333333,64.75,3,4,4,1,2,1,0.25,False,0.322375,22.605309,3
48884,3,0.009584664536741214,0.00016058662882607443,0.383578431372549,0.007271459934356262,0.0018300833804276834,0.3333333333333333,48.666666666666664,3,3,3,3,0,0,1.0,False,0.437675,8.602325,0
49851,3,0.009584664536741214,0.0005447468890575312,0.36480186480186483,0.003272207989929124,0.001900895382095924,0.0,31.333333333333332,2,3,3,3,0,0,1.0,False,0.640362,5.385165,0
49934,2,0.006389776357827476,8.278493514824412e-05,0.38310893512851896,0.006120917544155594,0.0013665674191113307,0.0,64.5,2,3,2,2,0,0,1.0,False,0.503122,7.615773,0
51152,2,0.006389776357827476,0.0009644479293041595,0.363109048723898,0.0019343644754679428,0.0014381566249777732,0.0,37.5,2,3,2,2,0,0,1.0,False,0.549994,3.464102,0
51415,2,0.006389776357827476,9.963501291732647e-05,0.36143187066974597,0.0008378130788352665,0.0016549692241641706,0.0,43.5,2,3,2,2,0,0,1.0,False,0.629219,1.732051,0
52229,1,0.003194888178913738,0.0,0.4275956284153005,0.011769991216029778,0.0008267322119294566,0.0,213.0,2,4,1,1,0,0,1.0,False,0.621168,3.0,2
52320,15,0.04792332268370607,0.0008510031711351121,0.46439169139465875,0.07857642857954399,0.005034456824581267,0.47619047619047616,57.6,7,4,10,6,7,2,0.4,False,0.153759,43.965896,17
52468,32,0.10223642172523961,0.005453489638842705,0.46926536731634183,0.10618063762814538,0.011466777880933421,0.21975806451612903,30.96875,9,4,11,11,18,3,0.3438,False,0.270871,63.221832,18
52489,2,0.006389776357827476,0.0,0.42818057455540354,0.012292775057339066,0.0013050988373719985,1.0,109.5,3,4,2,1,0,0,0.5,False,0.336242,3.0,0
52580,7,0.022364217252396165,3.0867044104404815e-05,0.4490674318507891,0.04644007235122481,0.0025181629101477705,0.8095238095238095,80.57142857142857,6,4,6,6,0,1,0.8571,False,0.158393,24.758837,7
52640,3,0.009584664536741214,0.0,0.44271570014144274,0.023244735552903358,0.001466698237355157,1.0,116.0,4,4,3,2,0,1,0.6667,False,0.207828,18.894444,0
52863,3,0.009584664536741214,0.0,0.44271570014144274,0.023057518820416515,0.0014980602672564761,1.0,115.66666666666667,4,4,3,1,1,1,0.3333,False,0.189157,19.287302,5
52873,3,0.009584664536741214,0.0,0.44460227272727276,0.03150396626887343,0.0013900912788362713,1.0,151.0,4,4,3,2,0,0,0.6667,False,0.292723,19.052559,6
52925,6,0.019169329073482427,3.401151564090861e-05,0.4465049928673324,0.037226124173824704,0.00234384244687681,0.7333333333333333,80.5,5,4,5,3,2,1,0.5,False,0.140392,22.472205,4
52973,3,0.009584664536741214,0.0,0.44460227272727276,0.03150396626887343,0.0013900912788362713,1.0,151.0,4,4,3,2,0,1,0.6667,False,0.292723,19.052559,2
53087,4,0.012779552715654952,0.0,0.44523470839260315,0.03363576110240671,0.0016849746539901005,1.0,115.5,5,4,4,2,1,1,0.5,False,0.232721,19.442222,7
53237,4,0.012779552715654952,0.0,0.443342776203966,0.02845938886075599,0.0017023423333181076,1.0,97.5,5,4,4,3,0,1,0.75,False,0.181058,21.610183,4
53766,8,0.025559105431309903,4.22262134023274e-05,0.45827232796486095,0.06633089770925554,0.0027223960412498956,0.8571428571428571,99.125,7,4,8,7,0,1,0.875,False,0.201799,23.065125,24
53991,5,0.01597444089456869,2.4815041718892415e-05,0.45231213872832365,0.045182406872486924,0.0019351130325927493,0.9,118.6,5,4,5,3,0,2,0.6,False,0.215508,22.759613,21
54113,14,0.04472843450479233,0.00017862164476001375,0.4623338257016248,0.09243871866007711,0.004302205888638434,0.7912087912087912,69.71428571428571,10,4,12,12,0,2,0.8571,False,0.120845,32.771939,142
55256,14,0.04472843450479233,0.0007124621503741453,0.4630177514792899,0.08222344838515096,0.004337686820369635,0.6043956043956044,63.0,7,4,11,12,0,2,0.8571,False,0.1251,32.939338,135
57117,2,0.006389776357827476,9.963501291732647e-05,0.36143187066974597,0.0008378130788352665,0.0016549692241641706,0.0,43.5,2,3,2,2,0,0,1.0,False,0.629219,1.732051,0
57344,11,0.03514376996805112,8.555694306174303e-06,0.455604075691412,0.0803136610436629,0.0035074413719845886,0.9272727272727272,80.72727272727273,10,4,11,8,1,2,0.7273,False,0.153336,42.261093,27
59908,5,0.01597444089456869,0.0020968431520096173,0.41238471673254284,0.03229012310107018,0.002207180689720343,0.4,74.4,4,4,4,3,1,1,0.6,False,0.37085,21.725561,2
60068,16,0.051118210862619806,0.0004949901543346032,0.45961820851688695,0.09399589720691498,0.004942877181214639,0.7,60.375,11,4,12,10,3,3,0.625,False,0.102897,42.461747,50
60134,2,0.006389776357827476,0.0,0.43291839557399725,0.01702074420552208,0.0010925122731963008,1.0,129.5,3,4,2,1,0,1,0.5,False,0.338748,9.165151,3
60314,2,0.006389776357827476,0.00034530485534905856,0.42354533152909335,0.010858008021250436,0.001363894429397857,0.0,99.5,2,3,2,1,0,1,0.5,False,0.566225,18.330303,1
60725,2,0.006389776357827476,0.0,0.42876712328767125,0.013768629440080333,0.0011339510894890989,1.0,111.0,3,4,2,2,0,0,1.0,False,0.549007,5.477226,6
60917,2,0.006389776357827476,0.0,0.442090395480226,0.02191211001585042,0.001112470160164332,1.0,171.5,3,4,2,1,0,1,0.5,False,0.3085,18.814888,2
61181,2,0.006389776357827476,0.0013095855747612935,0.36143187066974597,0.001014974307043792,0.001709374967558037,0.0,35.5,2,3,2,2,0,0,1.0,False,0.39596,2.44949,0
61610,4,0.012779552715654952,0.0,0.44523470839260315,0.03526668318868049,0.0016946775654329148,1.0,121.25,5,4,4,3,0,1,0.75,False,0.225369,20.024984,5
61832,7,0.022364217252396165,0.00010235679793117499,0.4490674318507891,0.041755280874157544,0.0026196485453817194,0.6190476190476191,75.57142857142857,6,4,6,3,1,2,0.4286,False,0.164536,26.70206,12
62043,2,0.006389776357827476,0.00023413088508935135,0.3665105386416862,0.003357129854430658,0.001379320416502504,0.0,43.0,2,3,2,2,0,0,1.0,False,0.552013,9.0,0
63199,10,0.03194888178913738,0.00010012299653872715,0.45961820851688695,0.07261221120981898,0.0032707737038008356,0.8222222222222222,82.7,8,4,9,7,0,3,0.7,False,0.121868,28.565714,18
63648,5,0.01597444089456869,0.0,0.4465049928673324,0.04261711331939887,0.0019124244653321433,1.0,107.6,6,4,5,5,0,0,1.0,False,0.268695,19.54482,0
64123,4,0.012779552715654952,1.407276379707139e-06,0.4484240687679083,0.03990761532626469,0.0016711198936797005,0.8333333333333334,138.25,4,4,4,2,0,2,0.5,False,0.294095,19.052559,2
64134,1,0.003194888178913738,0.0,0.4275956284153005,0.011769991216029778,0.0008267322119294566,0.0,213.0,2,4,1,1,0,0,1.0,False,0.621168,3.0,2
132203,11,0.03514376996805112,0.0001783468103446124,0.4602941176470588,0.07496021749721837,0.0035110507712776493,0.8,76.36363636363636,8,4,10,7,1,3,0.6364,False,0.101475,39.217343,27
133296,2,0.006389776357827476,5.120013107233554e-06,0.34207650273224044,0.00463353435972614,0.0010707741272236084,0.0,17.0,2,4,2,0,2,0,0.0,False,0.502762,10.34408,5
133613,3,0.009584664536741214,4.224319825585023e-05,0.40439276485788106,0.019679811574881547,0.0013727827110960747,0.3333333333333333,82.33333333333333,3,4,3,2,1,0,0.6667,False,0.43946,18.165902,4
135391,5,0.01597444089456869,3.441546829920999e-05,0.45231213872832365,0.04084130360895622,0.0019232719751876544,0.7,105.8,4,4,5,2,0,3,0.4,False,0.192368,27.712813,3
136907,18,0.05750798722044728,0.0016612552265053153,0.4657738095238096,0.08513036642672835,0.005882946200068716,0.40522875816993464,49.94444444444444,8,4,11,15,0,3,0.8333,False,0.156084,46.13025,40
137831,7,0.022364217252396165,4.632392811306549e-06,0.4471428571428571,0.05060142768564991,0.0024769137160046,0.9047619047619048,86.0,7,4,7,5,0,2,0.7143,False,0.127301,26.400758,10
138997,3,0.009584664536741214,1.407276379707139e-06,0.4458689458689459,0.03031575907324168,0.0013934987750077613,0.6666666666666666,147.66666666666666,3,4,3,2,0,1,0.6667,False,0.307507,18.814888,11
139341,15,0.04792332268370607,0.0003815168721923426,0.4630177514792899,0.09036567804933744,0.004592782395153943,0.7333333333333333,62.53333333333333,8,4,12,13,0,2,0.8667,False,0.104077,35.171011,97
197397,1,0.003194888178913738,0.0,0.36018411967779057,0.0007158892214297931,0.0010781564811629815,0.0,69.0,2,3,1,1,0,0,1.0,False,0.335589,1.732051,0
197478,2,0.006389776357827476,9.963501291732646e-05,0.36143187066974597,0.0008378130788352665,0.0016549692241641706,0.0,43.5,2,3,2,2,0,0,1.0,False,0.629219,1.732051,0
198198,1,0.003194888178913738,0.0,0.4275956284153005,0.011769991216029778,0.0008267322119294566,0.0,213.0,2,4,1,1,0,0,1.0,False,0.621168,3.0,0
198355,3,0.009584664536741214,0.0012850232418380409,0.36437718277066355,0.0018823098707334734,0.002220595632793125,0.0,30.333333333333332,2,3,2,3,0,0,1.0,False,0.553123,3.605551,0
198871,2,0.006389776357827476,0.0007420342045575182,0.36143187066974597,0.0007317674805328057,0.0017570796714767721,0.0,37.0,2,3,2,2,0,0,1.0,False,0.335589,1.732051,0
198949,8,0.025559105431309903,3.227307540406581e-05,0.44971264367816094,0.051214609392006165,0.0028171123889619686,0.75,76.25,6,4,8,5,2,1,0.625,False,0.146944,28.301943,3
199478,3,0.009584664536741214,0.0,0.4396067415730337,0.02282046531772496,0.0013878863930873522,1.0,108.0,4,4,3,3,0,0,1.0,False,0.622287,5.291503,1
199524,17,0.054313099041533544,0.004620161430423834,0.4650817236255573,0.09875101070868783,0.005295159581965252,0.6544117647058824,59.470588235294116,10,4,12,15,0,2,0.8824,False,0.131176,36.578682,104
199589,2,0.006389776357827476,0.00020781157961669147,0.4059662775616083,0.00911953827882105,0.0013591850960064107,0.0,84.5,2,3,2,2,0,0,1.0,False,0.612219,1.732051,0
200669,1,0.003194888178913738,0.0,0.36018411967779057,0.0007158892214297931,0.0010781564811629815,0.0,69.0,2,3,1,1,0,0,1.0,False,0.335589,1.732051,0
200845,6,0.019169329073482427,0.002104674902503071,0.4070221066319896,0.03438341196312564,0.0025411775690178306,0.4666666666666667,61.333333333333336,4,4,4,3,2,1,0.5,False,0.337417,18.411953,5
201976,2,0.006389776357827476,9.963501291732646e-05,0.36143187066974597,0.0008378130788352665,0.0016549692241641706,0.0,43.5,2,3,2,2,0,0,1.0,False,0.629219,1.732051,0
202310,2,0.006389776357827476,0.0,0.43654114365411434,0.021361847469052783,0.0011043533306013958,1.0,161.5,3,4,2,2,0,0,1.0,False,0.593607,3.464102,0
202997,2,0.006389776357827476,7.780169367783017e-05,0.363109048723898,0.001866431611630461,0.0015416724424793344,0.0,43.0,2,3,2,2,0,0,1.0,False,0.553123,3.605551,0
203936,4,0.012779552715654952,0.00022715362976979424,0.4471428571428571,0.031534234327279836,0.001753498918822553,0.6666666666666666,112.25,3,4,4,3,0,1,0.75,False,0.229381,19.364917,2
204643,3,0.009584664536741214,0.00048035322553643023,0.36780258519388953,0.0034790537118361315,0.001956133159503693,0.0,34.666666666666664,2,3,3,3,0,0,1.0,False,0.567711,9.0,0
204748,2,0.006389776357827476,7.780169367783017e-05,0.363109048723898,0.001866431611630461,0.0015416724424793344,0.0,43.0,2,3,2,2,0,0,1.0,False,0.553123,3.605551,0
205375,1,0.003194888178913738,0.0,0.4275956284153005,0.011769991216029778,0.0008267322119294566,0.0,213.0,2,4,1,1,0,0,1.0,False,0.621168,3.0,1
206046,2,0.006389776357827476,7.780169367783017e-05,0.363109048723898,0.001866431611630461,0.0015416724424793344,0.0,43.0,2,3,2,2,0,0,1.0,False,0.553123,3.605551,0
207904,1,0.003194888178913738,0.0,0.36018411967779057,0.0007158892214297931,0.0010781564811629815,0.0,69.0,2,3,1,1,0,0,1.0,False,0.335589,1.732051,0
208103,1,0.003194888178913738,0.0,0.4275956284153005,0.011769991216029778,0.0008267322119294566,0.0,213.0,2,4,1,1,0,0,1.0,False,0.621168,3.0,1
208176,3,0.009584664536741214,3.357738498836873e-05,0.44971264367816094,0.02557866859614684,0.0013961717647212348,0.3333333333333333,124.33333333333333,3,4,3,3,0,0,1.0,False,0.368025,8.124038,0
208726,1,0.003194888178913738,0.0,0.36018411967779057,0.0007158892214297931,0.0010781564811629815,0.0,69.0,2,3,1,1,0,0,1.0,False,0.335589,1.732051,0
209195,2,0.006389776357827476,9.963501291732647e-05,0.36143187066974597,0.0008378130788352665,0.0016549692241641706,0.0,43.5,2,3,2,2,0,0,1.0,False,0.629219,1.732051,0
209774,1,0.003194888178913738,0.0,0.36018411967779057,0.0007158892214297931,0.0010781564811629815,0.0,69.0,2,3,1,1,0,0,1.0,False,0.335589,1.732051,0
210007,2,0.006389776357827476,9.963501291732646e-05,0.36143187066974597,0.0008378130788352665,0.0016549692241641706,0.0,43.5,2,3,2,2,0,0,1.0,False,0.629219,1.732051,0
210055,1,0.003194888178913738,0.0,0.4275956284153005,0.011769991216029778,0.0008267322119294566,0.0,213.0,2,4,1,1,0,0,1.0,False,0.621168,3.0,1
210158,3,0.009584664536741214,0.0005447468890575312,0.36480186480186483,0.003272207989929124,0.001900895382095924,0.0,31.333333333333332,2,3,3,3,0,0,1.0,False,0.640362,5.385165,0
210847,1,0.003194888178913738,0.0,0.4275956284153005,0.011769991216029778,0.0008267322119294566,0.0,213.0,2,4,1,1,0,0,1.0,False,0.621168,3.0,1
210995,2,0.006389776357827476,8.278493514824412e-05,0.38310893512851896,0.006120917544155594,0.0013665674191113307,0.0,64.5,2,3,2,2,0,0,1.0,False,0.503122,7.615773,0
211359,2,0.006389776357827476,9.963501291732647e-05,0.36143187066974597,0.0008378130788352665,0.0016549692241641706,0.0,43.5,2,3,2,2,0,0,1.0,False,0.629219,1.732051,0
212059,2,0.006389776357827476,9.963501291732646e-05,0.36143187066974597,0.0008378130788352665,0.0016549692241641706,0.0,43.5,2,3,2,2,0,0,1.0,False,0.629219,1.732051,0
212230,2,0.006389776357827476,9.963501291732646e-05,0.36143187066974597,0.0008378130788352665,0.0016549692241641706,0.0,43.5,2,3,2,2,0,0,1.0,False,0.629219,1.732051,0
215298,2,0.006389776357827476,0.0008823489254799158,0.3626882966396292,0.0018601922974957508,0.0014533771873478164,0.0,37.0,2,3,2,2,0,0,1.0,False,0.650795,2.645751,0
215787,2,0.006389776357827476,0.0,0.4305364511691884,0.01823459691036605,0.0011013635141837001,1.0,137.0,3,4,2,2,0,0,1.0,False,0.569678,5.385165,2
216034,2,0.006389776357827476,7.780169367783017e-05,0.363109048723898,0.001866431611630461,0.0015416724424793344,0.0,43.0,2,3,2,2,0,0,1.0,False,0.553123,3.605551,0
262182,6,0.019169329073482427,0.00011150250766864184,0.43112947658402206,0.01475208853869813,0.003376705591323493,0.3333333333333333,38.0,3,4,2,1,4,0,0.1667,False,0.23891,3.162278,0
262210,5,0.01597444089456869,0.0,0.44460227272727276,0.044503514501668,0.0019166240635071976,1.0,112.8,6,4,5,5,0,0,1.0,False,0.51861,5.656854,1
262253,3,0.009584664536741214,0.0,0.44022503516174405,0.026638245967757306,0.0013823921290271293,1.0,124.66666666666667,4,4,3,3,0,0,1.0,False,0.550513,5.385165,1
262355,3,0.009584664536741214,0.0,0.4371508379888268,0.027826453163389053,0.0013789846328556394,1.0,128.0,4,4,3,3,0,0,1.0,False,0.534886,5.656854,15
262462,1,0.003194888178913738,0.0,0.4275956284153005,0.011769991216029778,0.0008267322119294566,0.0,213.0,2,4,1,1,0,0,1.0,False,0.621168,3.0,4
262532,4,0.012779552715654952,0.0,0.44523470839260315,0.034288528193971934,0.0016753771653934032,1.0,117.0,5,4,4,3,0,1,0.75,False,0.214867,20.493902,3
262706,5,0.01597444089456869,4.63710005093973e-05,0.4471428571428571,0.03760412251864207,0.00208369457660793,0.7,101.4,4,4,4,3,1,1,0.6,False,0.215179,19.899749,1
263073,3,0.009584664536741214,0.0,0.43899018232819076,0.02594005198111992,0.0013747850346805851,1.0,119.33333333333333,4,4,3,2,0,1,0.6667,False,0.283191,19.54482,5
263212,1,0.003194888178913738,0.0,0.4275956284153005,0.011769991216029778,0.0008267322119294566,0.0,213.0,2,4,1,1,0,0,1.0,False,0.621168,3.0,0
263218,2,0.006389776357827476,0.0,0.43899018232819076,0.020173640273421035,0.0011077608267728858,1.0,156.5,3,4,2,2,0,0,1.0,False,0.602537,3.0,1
263238,3,0.009584664536741214,0.0,0.44460227272727276,0.03150396626887343,0.0013900912788362713,1.0,151.0,4,4,3,2,0,1,0.6667,False,0.292723,19.052559,5
263311,4,0.012779552715654952,1.4628608877810155e-06,0.443342776203966,0.031577418512989605,0.0016605200867957515,0.8333333333333334,105.75,4,4,4,3,0,1,0.75,False,0.202682,22.51666,2
263327,4,0.012779552715654952,0.0,0.44397163120567373,0.02969101733072047,0.001656320488620697,1.0,99.25,5,4,4,2,1,0,0.5,False,0.185698,36.91883,7
263444,8,0.025559105431309903,7.307240458073738e-05,0.44971264367816094,0.05878355707785258,0.0027529127799478387,0.75,86.875,7,4,7,6,0,2,0.75,False,0.198201,24.899799,10
263702,9,0.02875399361022364,0.0008308924472807094,0.45165945165945165,0.04858252144406326,0.003885561429793349,0.3888888888888889,69.22222222222223,5,4,5,4,4,1,0.4444,False,0.403115,20.518285,1
263763,1,0.003194888178913738,0.0,0.4275956284153005,0.011769991216029778,0.0008267322119294566,0.0,213.0,2,4,1,1,0,0,1.0,False,0.621168,3.0,0
263783,2,0.006389776357827476,0.0,0.42818057455540354,0.015532708135836843,0.0011313184985261003,1.0,122.5,3,4,2,2,0,0,1.0,False,0.527013,5.385165,0
263824,2,0.006389776357827476,0.0,0.42818057455540354,0.015532708135836843,0.0011313184985261003,1.0,122.5,3,4,2,2,0,0,1.0,False,0.527013,5.385165,0
263930,2,0.006389776357827476,0.0,0.42818057455540354,0.012292775057339066,0.0013050988373719985,1.0,109.5,3,4,2,2,0,0,1.0,False,0.336242,3.0,0
263961,2,0.006389776357827476,0.0,0.442090395480226,0.02191211001585042,0.001112470160164332,1.0,171.5,3,4,2,1,0,0,0.5,False,0.3085,18.814888,1
264123,2,0.006389776357827476,0.0,0.42818057455540354,0.012292775057339066,0.0013050988373719985,1.0,109.5,3,4,2,2,0,0,1.0,False,0.336242,3.0,0
264635,3,0.009584664536741214,1.0240026214467109e-05,0.42876712328767125,0.0159698781101686,0.001685661415892656,0.6666666666666666,82.33333333333333,3,4,2,3,0,0,1.0,False,0.478347,5.385165,0
264744,3,0.009584664536741214,0.0,0.4396067415730337,0.023936357193228102,0.0014123471133695293,1.0,115.0,4,4,3,3,0,0,1.0,False,0.527451,5.385165,1
264764,1,0.003194888178913738,0.0,0.4275956284153005,0.011769991216029778,0.0008267322119294566,0.0,213.0,2,4,1,1,0,0,1.0,False,0.621168,3.0,2
264825,3,0.009584664536741214,0.0,0.4396067415730337,0.023936357193228102,0.0014123471133695293,1.0,115.0,4,4,3,3,0,0,1.0,False,0.527451,5.385165,0
265554,2,0.006389776357827476,0.0,0.43232044198895025,0.016348195728096915,0.0010971639160086458,1.0,124.0,3,4,2,1,0,0,0.5,False,0.30529,19.364917,0
265662,3,0.009584664536741214,0.0,0.4396067415730337,0.02189531430682431,0.0014747305164241296,1.0,107.33333333333333,4,4,3,3,0,0,1.0,False,0.585976,3.162278,1
265705,2,0.006389776357827476,0.0,0.42818057455540354,0.012292775057339066,0.0013050988373719985,1.0,109.5,3,4,2,0,0,0,0.0,False,0.336242,3.0,0
265724,3,0.009584664536741214,0.0,0.435933147632312,0.023806120416724533,0.0013879293143342292,1.0,108.33333333333333,4,4,3,3,0,0,1.0,False,0.536066,5.385165,0
265867,2,0.006389776357827476,0.0,0.4305364511691884,0.01823459691036605,0.0011013635141837001,1.0,137.0,3,4,2,2,0,0,1.0,False,0.569678,5.385165,1
266715,2,0.006389776357827476,0.0,0.442090395480226,0.02191211001585042,0.001112470160164332,1.0,171.5,3,4,2,1,0,1,0.5,False,0.3085,18.814888,1
266732,2,0.006389776357827476,0.0,0.4305364511691884,0.01823459691036605,0.0011013635141837001,1.0,137.0,3,4,2,2,0,0,1.0,False,0.569678,5.385165,3
266803,2,0.006389776357827476,0.0,0.42818057455540354,0.013491665249433054,0.0011937019015807004,1.0,111.0,3,4,2,2,0,0,1.0,False,0.59499,3.162278,1
267700,2,0.006389776357827476,0.0,0.42818057455540354,0.013340354020801689,0.0011685035637203156,1.0,109.5,3,4,2,2,0,0,1.0,False,0.62164,3.162278,0
267724,2,0.006389776357827476,0.0,0.42818057455540354,0.013491665249433054,0.0011937019015807004,1.0,111.0,3,4,2,2,0,0,1.0,False,0.59499,3.162278,0
268925,2,0.006389776357827476,0.0,0.442090395480226,0.02191211001585042,0.001112470160164332,1.0,171.5,3,4,2,1,0,1,0.5,False,0.3085,18.814888,4
269831,3,0.009584664536741214,3.413342071489036e-06,0.42876712328767125,0.017064406779899233,0.0014608835385830337,0.6666666666666666,83.66666666666667,3,4,3,3,0,0,1.0,False,0.611227,5.91608,0
269832,5,0.01597444089456869,2.521632173634442e-06,0.4490674318507891,0.04383992434362168,0.0019158896520827344,0.8,113.8,4,4,5,3,0,2,0.6,False,0.224834,23.473389,3
269864,1,0.003194888178913738,0.0,0.4275956284153005,0.011769991216029778,0.0008267322119294566,0.0,213.0,2,4,1,1,0,0,1.0,False,0.621168,3.0,0
270068,4,0.012779552715654952,0.0,0.44397163120567373,0.03352821344625111,0.0016899682320414685,1.0,113.75,5,4,4,4,0,0,1.0,False,0.501249,5.656854,2
270086,1,0.003194888178913738,0.0,0.4275956284153005,0.011769991216029778,0.0008267322119294566,0.0,213.0,2,4,1,1,0,0,1.0,False,0.621168,3.0,0
270735,4,0.012779552715654952,0.0,0.4458689458689459,0.03788213047312663,0.0016463493121398483,1.0,126.25,5,4,4,3,0,1,0.75,False,0.26573,19.313208,1
270817,2,0.006389776357827476,0.0,0.442090395480226,0.02191211001585042,0.001112470160164332,1.0,171.5,3,4,2,1,0,1,0.5,False,0.3085,18.814888,2
271803,2,0.006389776357827476,0.0,0.42818057455540354,0.013491665249433054,0.0011937019015807004,1.0,111.0,3,4,2,2,0,0,1.0,False,0.59499,3.162278,2
271868,2,0.006389776357827476,0.0,0.43654114365411434,0.021361847469052783,0.0011043533306013958,1.0,161.5,3,4,2,2,0,0,1.0,False,0.593607,3.464102,2
271929,2,0.006389776357827476,0.0,0.42818057455540354,0.015532708135836843,0.0011313184985261003,1.0,122.5,3,4,2,2,0,0,1.0,False,0.527013,5.385165,1
271935,2,0.006389776357827476,0.0,0.42818057455540354,0.013020074999878273,0.0011869305004954954,1.0,109.0,3,4,2,1,0,0,0.5,False,0.310584,3.0,0
272022,3,0.009584664536741214,0.0,0.44460227272727276,0.03150396626887343,0.0013900912788362713,1.0,151.0,4,4,3,2,0,0,0.6667,False,0.292723,19.052559,4
272877,2,0.006389776357827476,0.0,0.43654114365411434,0.021361847469052783,0.0011043533306013958,1.0,161.5,3,4,2,2,0,0,1.0,False,0.593607,3.464102,0
272962,1,0.003194888178913738,0.0,0.4275956284153005,0.011769991216029778,0.0008267322119294566,0.0,213.0,2,4,1,1,0,0,1.0,False,0.621168,3.0,1
273149,1,0.003194888178913738,0.0,0.4275956284153005,0.011769991216029778,0.0008267322119294566,0.0,213.0,2,4,1,1,0,0,1.0,False,0.621168,3.0,2
273189,2,0.006389776357827476,0.0,0.42818057455540354,0.01233593398404499,0.0013043362788991715,1.0,108.0,3,4,2,1,1,0,0.5,False,0.501092,3.0,0
273824,1,0.003194888178913738,0.0,0.4275956284153005,0.011769991216029778,0.0008267322119294566,0.0,213.0,2,4,1,1,0,0,1.0,False,0.621168,3.0,0
274150,2,0.006389776357827476,0.0,0.4305364511691884,0.01823459691036605,0.0011013635141837001,1.0,137.0,3,4,2,2,0,0,1.0,False,0.569678,5.385165,0
274830,1,0.003194888178913738,0.0,0.4275956284153005,0.011769991216029778,0.0008267322119294566,0.0,213.0,2,4,1,1,0,0,1.0,False,0.621168,3.0,0
393693,1,0.003194888178913738,0.0,0.4275956284153005,0.011769991216029778,0.0008267322119294566,0.0,213.0,2,4,1,1,0,0,1.0,False,0.621168,3.0,0
400696,17,0.054313099041533544,0.0151026808906796,0.42469470827679784,0.03200244813801168,0.0065661826501205185,0.0661764705882353,17.647058823529413,4,3,6,17,0,0,1.0,False,0.5108,15.132746,3
401322,2,0.006389776357827476,0.0,0.442090395480226,0.02191211001585042,0.001112470160164332,1.0,171.5,3,4,2,1,0,1,0.5,False,0.3085,18.814888,3
